ID,Name,Experience_Years,Age,Gender,Salary,TimeZone,Phone
1,Alice,5,28,Female,250000,IST,123456
2,Bob,1,21,Male,50000,GMT,123ab7
3,Frank,3,23,Female,170000,AMT,456789
4,John,2,22,Male,25000,IST,908-123
5,Rita,1,17,Male,10000,IST,789mmm
6,Amen,25,62,Male,5001000,AAT,abc123
7,Holder,19,54,Female,800000,UST,789-009
8,Harvey,2,21,Female,9000,EAT,123456
9,Louis,10,36,Female,61500,MMT,890765
10,Mike,15,54,Female,650000,GMT,234567
10,Mike,15,54,Female,650000,GMT,123890
11,David,None,25,Male,150000,AMT,123-agb
12,None,None,None,None,None,None,abc-110
